Date,Pos,Neg,Neu,neg_daily_prob,pos_daily_prob,neg_diff_prob,pos_diff_prob,polarity,polarity2,polarity_lag1,polarity_lag2,polarity_lag3,polarity2_lag1,polarity2_lag2,polarity2_lag3,polarity2_diff,polarity2diff_lag1,polarity2diff_lag2,Adj Close,Returns_pct,Returns_normal,Avg_past_3days,Avg_past_2days,pct_change_2days,pct_change_3days,movement,Previous_Close
2020-01-23,445,3104,6614,0.8746125669202592,0.12538743307974076,-0.007135505059175262,0.007135505059175207,0.7492251338405185,-0.7492251338405185,0.7634961439588689,,,-0.7634961439588689,,,0.014271010118350413,,,7507.7,-0.85,-0.008478717362881156,7611.33,7591.3,-0.5098085590024595,-1.0390255378100741,0,7571.9
2020-01-24,496,3215,6228,0.8663433036917273,0.1336566963082727,-0.008269263228531942,0.008269263228531942,0.7326866073834546,-0.7326866073834546,0.7492251338405185,0.7634961439588689,,-0.7492251338405185,-0.7634961439588689,,0.016538526457063885,0.014271010118350413,,7586.0,1.04,0.010429292592937942,7563.43,7539.8,-0.8478717362881156,-1.3533577726096155,1,7507.7
2020-01-25,442,2794,4960,0.8634116192830655,0.1365883807169345,-0.002931684408661761,0.002931684408661789,0.7268232385661311,-0.7268232385661311,0.7326866073834546,0.7492251338405185,0.7634961439588689,-0.7326866073834546,-0.7492251338405185,-0.7634961439588689,0.005863368817323522,0.016538526457063885,0.014271010118350413,7499.05,-1.15,-0.011461903506459243,7555.2,7546.85,1.0429292592937942,0.1862148205866475,0,7586.0
2020-01-26,452,2785,4698,0.8603645350633302,0.13963546493666976,-0.0030470842197353187,0.0030470842197352632,0.7207290701266605,-0.7207290701266605,0.7268232385661311,0.7326866073834546,0.7492251338405185,-0.7268232385661311,-0.7326866073834546,-0.7492251338405185,0.0060941684394705264,0.005863368817323522,0.016538526457063885,7455.58,-0.58,-0.005796734253005415,7530.92,7542.52,-1.1461903506459243,-0.11521504588621863,0,7499.05
2020-01-27,567,3271,5727,0.8522668056279312,0.14773319437206878,-0.008097729435398993,0.00809772943539902,0.7045336112558624,-0.7045336112558624,0.7207290701266605,0.7268232385661311,0.7326866073834546,-0.7207290701266605,-0.7268232385661311,-0.7326866073834546,0.016195458870798096,0.0060941684394705264,0.005863368817323522,7412.1,-0.58,-0.005831873576569437,7513.54,7477.32,-0.5796734253005414,-1.7192196150804122,0,7455.58
2020-01-28,582,3291,6494,0.8497288923315259,0.15027110766847404,-0.002537913296405292,0.002537913296405264,0.6994577846630519,-0.6994577846630519,0.7045336112558624,0.7207290701266605,0.7268232385661311,-0.7045336112558624,-0.7207290701266605,-0.7268232385661311,0.005075826592810584,0.016195458870798096,0.0060941684394705264,7480.7,0.93,0.00925513687079228,7455.58,7433.84,-0.5831873576569436,-1.1594802008254355,1,7412.1
2020-01-29,602,3065,5528,0.8358331060812654,0.16416689391873465,-0.013895786250260556,0.013895786250260611,0.6716662121625306,-0.6716662121625306,0.6994577846630519,0.7045336112558624,0.7207290701266605,-0.6994577846630519,-0.7045336112558624,-0.7207290701266605,0.027791572500521222,0.005075826592810584,0.016195458870798096,7483.6,0.04,0.00038766425601889474,7449.46,7446.4,0.9255136870792279,0.3369288506058535,1,7480.7
2020-01-30,724,3372,5704,0.8232421875,0.1767578125,-0.012590918581265376,0.012590918581265348,0.646484375,-0.646484375,0.6716662121625306,0.6994577846630519,0.7045336112558624,-0.6716662121625306,-0.6994577846630519,-0.7045336112558624,0.02518183716253064,0.027791572500521222,0.005075826592810584,7382.0,-1.36,-0.013576353626596873,7458.8,7482.15,0.038766425601889476,0.9646389012560543,0,7483.6
2020-01-31,674,3202,5210,0.826109391124871,0.173890608875129,0.0028672036248710286,-0.002867203624871001,0.6522187822497421,-0.6522187822497421,0.646484375,0.6716662121625306,0.6994577846630519,-0.646484375,-0.6716662121625306,-0.6994577846630519,-0.005734407249742057,0.02518183716253064,0.027791572500521222,7286.0,-1.3,-0.013004605797886752,7448.77,7432.8,-1.3576353626596873,-1.3193952437606082,0,7382.0
2020-02-01,582,2313,3978,0.7989637305699482,0.20103626943005182,-0.027145660554922846,0.027145660554922818,0.5979274611398964,-0.5979274611398964,0.6522187822497421,0.646484375,0.6716662121625306,-0.6522187822497421,-0.646484375,-0.6716662121625306,0.05429132110984569,-0.005734407249742057,0.02518183716253064,7306.15,0.28,0.002765577820477578,7383.87,7334.0,-1.3004605797886752,-2.6404404297397024,1,7286.0
2020-02-02,465,2358,4374,0.8352816153028693,0.1647183846971307,0.03631788473292108,-0.03631788473292111,0.6705632306057385,-0.6705632306057385,0.5979274611398964,0.6522187822497421,0.646484375,-0.5979274611398964,-0.6522187822497421,-0.646484375,-0.07263576946584216,0.05429132110984569,-0.005734407249742057,7316.22,0.14,0.0013782908919199057,7324.72,7296.08,0.2765577820477578,-1.0274993226767863,1,7306.15
2020-02-03,531,2416,4618,0.8198167628096369,0.18018323719036308,-0.015464852493232373,0.015464852493232373,0.6396335256192739,-0.6396335256192739,0.6705632306057385,0.5979274611398964,0.6522187822497421,-0.6705632306057385,-0.5979274611398964,-0.6522187822497421,0.030929704986464635,-0.07263576946584216,0.05429132110984569,7326.3,0.14,0.0013777606468914176,7302.79,7311.18,0.13782908919199058,0.4147680483118344,1,7316.22
2020-02-04,530,2449,4732,0.8220879489761665,0.1779120510238335,0.0022711861665296595,-0.0022711861665295763,0.644175897952333,-0.644175897952333,0.6396335256192739,0.6705632306057385,0.5979274611398964,-0.6396335256192739,-0.6705632306057385,-0.5979274611398964,-0.004542372333059097,0.030929704986464635,-0.07263576946584216,7439.8,1.55,0.01549213108936298,7316.22,7321.26,0.13777606468914178,0.27579504937621796,1,7326.3
2020-02-05,516,2282,5127,0.8155825589706933,0.18441744102930666,-0.006505390005473233,0.0065053900054731495,0.6311651179413867,-0.6311651179413867,0.644175897952333,0.6396335256192739,0.6705632306057385,-0.644175897952333,-0.6396335256192739,-0.6705632306057385,0.013010780010946243,-0.004542372333059097,0.030929704986464635,7482.5,0.57,0.005739401596817094,7360.77,7383.05,1.549213108936298,1.6891236184805802,1,7439.8
2020-02-06,700,3037,5180,0.8126839710998127,0.1873160289001873,-0.002898587870880598,0.0028985878708806534,0.6253679421996253,-0.6253679421996253,0.6311651179413867,0.644175897952333,0.6396335256192739,-0.6311651179413867,-0.644175897952333,-0.6396335256192739,0.005797175741761418,0.013010780010946243,-0.004542372333059097,7504.8,0.3,0.0029802873371199707,7416.2,7461.15,0.5739401596817094,2.1320448248092463,1,7482.5
2020-02-07,623,2891,4890,0.8227091633466136,0.17729083665338646,0.010025192246800874,-0.010025192246800846,0.6454183266932271,-0.6454183266932271,0.6253679421996253,0.6311651179413867,0.644175897952333,-0.6253679421996253,-0.6311651179413867,-0.644175897952333,-0.020050384493601747,0.005797175741761418,0.013010780010946243,7466.7,-0.51,-0.0050767508794372085,7475.7,7493.65,0.29802873371199706,0.8736793999838705,0,7504.8
2020-02-08,565,2675,4480,0.8256172839506173,0.1743827160493827,0.0029081206040036944,-0.00290812060400375,0.6512345679012346,-0.6512345679012346,0.6454183266932271,0.6253679421996253,0.6311651179413867,-0.6454183266932271,-0.6253679421996253,-0.6311651179413867,-0.0058162412080075,-0.020050384493601747,0.005797175741761418,7456.8,-0.13,-0.0013258869380046924,7484.67,7485.75,-0.5076750879437208,-0.2111593718676937,0,7466.7
2020-02-09,586,2496,4028,0.8098637248539909,0.1901362751460091,-0.015753559096626346,0.015753559096626374,0.6197274497079819,-0.6197274497079819,0.6512345679012346,0.6454183266932271,0.6253679421996253,-0.6512345679012346,-0.6454183266932271,-0.6253679421996253,0.03150711819325269,-0.0058162412080075,-0.020050384493601747,7451.85,-0.07,-0.0006638236240746457,7476.1,7461.75,-0.13258869380046925,-0.6395906619763352,0,7456.8
2020-02-10,572,2718,4777,0.8261398176291793,0.17386018237082068,0.016276092775188378,-0.016276092775188405,0.6522796352583586,-0.6522796352583586,0.6197274497079819,0.6512345679012346,0.6454183266932271,-0.6197274497079819,-0.6512345679012346,-0.6454183266932271,-0.032552185550376755,0.03150711819325269,-0.0058162412080075,7446.9,-0.07,-0.0006642645785946748,7458.45,7454.33,-0.06638236240746458,-0.19888304070070384,0,7451.85
2020-02-11,584,2563,4668,0.8144264378773435,0.1855735621226565,-0.01171337975183584,0.011713379751835812,0.628852875754687,-0.628852875754687,0.6522796352583586,0.6197274497079819,0.6512345679012346,-0.6522796352583586,-0.6197274497079819,-0.6512345679012346,0.02342675950367168,-0.032552185550376755,0.03150711819325269,7499.4,0.7,0.007049913386778391,7451.85,7449.38,-0.06642645785946748,-0.13276472481494134,1,7446.9
2020-02-12,575,2517,5190,0.8140362225097024,0.18596377749029755,-0.0003902153676410558,0.0003902153676410558,0.628072445019405,-0.628072445019405,0.628852875754687,0.6522796352583586,0.6197274497079819,-0.628852875754687,-0.6522796352583586,-0.6197274497079819,0.0007804307352820006,0.02342675950367168,-0.032552185550376755,7534.4,0.47,0.004667040029869057,7466.05,7473.15,0.7049913386778391,0.6380965800438719,1,7499.4
2020-02-13,561,2789,5421,0.8325373134328358,0.16746268656716418,0.018501090923133345,-0.018501090923133373,0.6650746268656716,-0.6650746268656716,0.628072445019405,0.628852875754687,0.6522796352583586,-0.628072445019405,-0.628852875754687,-0.6522796352583586,-0.03700218184626669,0.0007804307352820006,0.02342675950367168,7452.0,-1.09,-0.010936504565725159,7493.57,7516.9,0.4667040029869057,1.1749855644630653,0,7534.4
2020-02-14,669,2695,5351,0.8011296076099881,0.1988703923900119,-0.03140770582284769,0.031407705822847715,0.6022592152199763,-0.6022592152199763,0.6650746268656716,0.628072445019405,0.628852875754687,-0.6650746268656716,-0.628072445019405,-0.628852875754687,0.06281541164569537,-0.03700218184626669,0.0007804307352820006,7409.1,-0.58,-0.005756843800322012,7495.27,7493.2,-1.0936504565725158,-0.6320505640451188,0,7452.0
2020-02-15,563,2434,4926,0.8121454788121455,0.18785452118785453,0.011015871202157412,-0.011015871202157357,0.624290957624291,-0.624290957624291,0.6022592152199763,0.6650746268656716,0.628072445019405,-0.6022592152199763,-0.6650746268656716,-0.628072445019405,-0.022031742404314714,0.06281541164569537,-0.03700218184626669,7421.2,0.16,0.0016331268305191525,7465.17,7430.55,-0.5756843800322012,-1.6630388617540781,1,7409.1
2020-02-16,514,2320,4940,0.8186309103740297,0.18136908962597037,0.006485431561884192,-0.006485431561884164,0.6372618207480593,-0.6372618207480593,0.624290957624291,0.6022592152199763,0.6650746268656716,-0.624290957624291,-0.6022592152199763,-0.6650746268656716,-0.012970863123768273,-0.022031742404314714,0.06281541164569537,7427.25,0.08,0.0008152320379453703,7427.43,7415.15,0.16331268305191526,-0.4133118625872273,1,7421.2
2020-02-17,621,2617,5846,0.8082149474984558,0.19178505250154415,-0.010415962875573892,0.010415962875573781,0.6164298949969117,-0.6164298949969117,0.6372618207480593,0.624290957624291,0.6022592152199763,-0.6372618207480593,-0.624290957624291,-0.6022592152199763,0.020831925751147562,-0.012970863123768273,-0.022031742404314714,7433.3,0.08,0.0008145679760342229,7419.18,7424.22,0.08152320379453704,0.244969024577879,1,7427.25
2020-02-18,543,2797,5385,0.8374251497005988,0.1625748502994012,0.029210202202142987,-0.02921020220214296,0.6748502994011976,-0.6748502994011976,0.6164298949969117,0.6372618207480593,0.624290957624291,-0.6164298949969117,-0.6372618207480593,-0.624290957624291,-0.058420404404285864,0.020831925751147562,-0.012970863123768273,7382.0,-0.69,-0.0069013762393553574,7427.25,7430.28,0.0814567976034223,0.16304640758907407,0,7433.3
2020-02-19,571,2503,5056,0.8142485361093038,0.18575146389069616,-0.02317661359129497,0.02317661359129497,0.6284970722186076,-0.6284970722186076,0.6748502994011976,0.6164298949969117,0.6372618207480593,-0.6748502994011976,-0.6164298949969117,-0.6372618207480593,0.04635322718258994,-0.058420404404285864,0.020831925751147562,7457.0,1.02,0.010159848279599025,7414.18,7407.65,-0.6901376239355358,-0.6092429903396277,1,7382.0
2020-02-20,517,2558,5320,0.831869918699187,0.168130081300813,0.017621382589883217,-0.01762138258988316,0.6637398373983739,-0.6637398373983739,0.6284970722186076,0.6748502994011976,0.6164298949969117,-0.6284970722186076,-0.6748502994011976,-0.6164298949969117,-0.03524276517976632,0.04635322718258994,-0.058420404404285864,7436.6,-0.27,-0.0027356845916587953,7424.1,7419.5,1.0159848279599026,0.3188355104731387,0,7457.0
2020-02-21,489,2724,4878,0.8478057889822596,0.15219421101774042,0.01593587028307253,-0.015935870283072584,0.6956115779645191,-0.6956115779645191,0.6637398373983739,0.6284970722186076,0.6748502994011976,-0.6637398373983739,-0.6284970722186076,-0.6748502994011976,-0.03187174056614517,-0.03524276517976632,0.04635322718258994,7403.9,-0.44,-0.004397170750074056,7425.2,7446.8,-0.2735684591658795,0.739636954754814,0,7436.6
2020-02-22,453,2359,4024,0.8389046941678521,0.16109530583214793,-0.008901094814407484,0.008901094814407512,0.6778093883357041,-0.6778093883357041,0.6956115779645191,0.6637398373983739,0.6284970722186076,-0.6956115779645191,-0.6637398373983739,-0.6284970722186076,0.01780218962881497,-0.03187174056614517,-0.03524276517976632,7280.35,-1.67,-0.016687151366171785,7432.5,7420.25,-0.43971707500740564,-0.712082606946498,0,7403.9
2020-02-23,440,2384,3762,0.8441926345609065,0.1558073654390935,0.005287940393054469,-0.005287940393054441,0.6883852691218131,-0.6883852691218131,0.6778093883357041,0.6956115779645191,0.6637398373983739,-0.6778093883357041,-0.6956115779645191,-0.6637398373983739,-0.010575880786108938,0.01780218962881497,-0.03187174056614517,7218.58,-0.85,-0.008484482202091992,7373.62,7342.12,-1.6687151366171784,-2.101094586235645,0,7280.35
2020-02-24,526,2874,3886,0.8452941176470589,0.15470588235294117,0.0011014830861523217,-0.0011014830861523217,0.6905882352941176,-0.6905882352941176,0.6883852691218131,0.6778093883357041,0.6956115779645191,-0.6883852691218131,-0.6778093883357041,-0.6956115779645191,-0.0022029661723045324,-0.010575880786108938,0.01780218962881497,7156.8,-0.86,-0.008558469948383165,7300.94,7249.46,-0.8484482202091992,-2.5030051729493876,0,7218.58
2020-02-25,608,2860,3802,0.8246828143021915,0.17531718569780855,-0.020611303344867382,0.020611303344867382,0.649365628604383,-0.649365628604383,0.6905882352941176,0.6883852691218131,0.6778093883357041,-0.6905882352941176,-0.6883852691218131,-0.6778093883357041,0.04122260668973465,-0.0022029661723045324,-0.010575880786108938,7017.9,-1.94,-0.01940811535881966,7218.58,7187.69,-0.8558469948383165,-1.697033796452096,0,7156.8
2020-02-26,505,2556,3387,0.8350212348905587,0.16497876510944137,0.010338420588367203,-0.010338420588367175,0.6700424697811173,-0.6700424697811173,0.649365628604383,0.6905882352941176,0.6883852691218131,-0.649365628604383,-0.6905882352941176,-0.6883852691218131,-0.020676841176734295,0.04122260668973465,-0.0022029661723045324,7042.5,0.35,0.003505322104903228,7131.09,7087.35,-1.9408115358819662,-2.7800481535149615,1,7017.9
2020-02-27,727,3080,4238,0.8090359863409509,0.1909640136590491,-0.02598524854960782,0.025985248549607737,0.6180719726819017,-0.6180719726819017,0.6700424697811173,0.649365628604383,0.6905882352941176,-0.6700424697811173,-0.649365628604383,-0.6905882352941176,0.05197049709921553,-0.020676841176734295,0.04122260668973465,6796.4,-3.49,-0.03494497692580765,7072.4,7030.2,0.3505322104903228,-1.5970824949698215,0,7042.5
2020-02-28,824,3234,4355,0.7969443075406605,0.20305569245933958,-0.012091678800290384,0.012091678800290467,0.5938886150813208,-0.5938886150813208,0.6180719726819017,0.6700424697811173,0.649365628604383,-0.6180719726819017,-0.6700424697811173,-0.649365628604383,0.02418335760058088,0.05197049709921553,-0.020676841176734295,6580.6,-3.18,-0.03175210405508788,6952.27,6919.45,-3.4944976925807647,-3.156214822097779,0,6796.4
2020-02-29,633,3226,4152,0.8359678673231407,0.1640321326768593,0.03902355978248018,-0.03902355978248029,0.6719357346462814,-0.6719357346462814,0.5938886150813208,0.6180719726819017,0.6700424697811173,-0.5938886150813208,-0.6180719726819017,-0.6700424697811173,-0.07804711956496058,0.02418335760058088,0.05197049709921553,6617.75,0.56,0.005645381880071671,6806.5,6688.5,-3.175210405508788,-6.558750443734464,1,6580.6
2020-03-01,676,3014,4150,0.8168021680216803,0.1831978319783198,-0.019165699301460393,0.019165699301460504,0.6336043360433604,-0.6336043360433604,0.6719357346462814,0.5938886150813208,0.6180719726819017,-0.6719357346462814,-0.5938886150813208,-0.6180719726819017,0.03833139860292101,-0.07804711956496058,0.02418335760058088,6636.32,0.28,0.002806089683049331,6664.92,6599.18,0.564538188007167,-2.6285974927902958,1,6617.75
2020-03-02,619,2581,4098,0.8065625,0.1934375,-0.010239668021680304,0.01023966802168022,0.613125,-0.613125,0.6336043360433604,0.6719357346462814,0.5938886150813208,-0.6336043360433604,-0.6719357346462814,-0.5938886150813208,0.020479336043360385,0.03833139860292101,-0.07804711956496058,6654.9,0.28,0.002799744436675737,6611.56,6627.04,0.2806089683049331,0.8467313010971543,1,6636.32
2020-03-03,685,2769,4495,0.801679212507238,0.19832078749276202,-0.004883287492762012,0.004883287492762012,0.603358425014476,-0.603358425014476,0.613125,0.6336043360433604,0.6719357346462814,-0.613125,-0.6336043360433604,-0.6719357346462814,0.009766574985524024,0.020479336043360385,0.03833139860292101,6718.2,0.95,0.009511788306360755,6636.32,6645.61,0.27997444366757374,0.5613690453703998,1,6654.9
2020-03-04,724,2626,4604,0.7838805970149254,0.21611940298507462,-0.01779861549231254,0.017798615492312597,0.5677611940298507,-0.5677611940298507,0.603358425014476,0.613125,0.6336043360433604,-0.603358425014476,-0.613125,-0.6336043360433604,0.035597230984625305,0.009766574985524024,0.020479336043360385,6815.6,1.45,0.014497930993420938,6669.81,6686.55,0.9511788306360754,1.2338163319430062,1,6718.2
2020-03-05,717,2941,4895,0.8039912520503008,0.1960087479496993,0.020110655035375347,-0.02011065503537532,0.6079825041006014,-0.6079825041006014,0.5677611940298507,0.603358425014476,0.613125,-0.5677611940298507,-0.603358425014476,-0.613125,-0.04022131007075069,0.035597230984625305,0.009766574985524024,6705.4,-1.62,-0.016168789248195422,6729.57,6766.9,1.4497930993420938,2.414762055027134,0,6815.6
2020-03-06,803,3215,5158,0.8001493280238925,0.1998506719761075,-0.003841924026408261,0.0038419240264082055,0.600298656047785,-0.600298656047785,0.6079825041006014,0.5677611940298507,0.603358425014476,-0.6079825041006014,-0.5677611940298507,-0.603358425014476,0.007683848052816411,-0.04022131007075069,0.035597230984625305,6462.6,-3.62,-0.03620962209562432,6746.4,6760.5,-1.616878924819542,-0.19052722455419877,0,6705.4
2020-03-07,768,3179,5053,0.8054218393716747,0.1945781606283253,0.005272511347782172,-0.005272511347782199,0.6108436787433493,-0.6108436787433493,0.600298656047785,0.6079825041006014,0.5677611940298507,-0.600298656047785,-0.6079825041006014,-0.5677611940298507,-0.010545022695564343,0.007683848052816411,-0.04022131007075069,6214.2,-3.84,-0.038436542568006764,6661.2,6584.0,-3.620962209562432,-5.179294559539879,0,6462.6
2020-03-08,743,2798,4812,0.7901722677209828,0.20982773227901722,-0.015249571650691851,0.015249571650691907,0.5803445354419655,-0.5803445354419655,0.6108436787433493,0.600298656047785,0.6079825041006014,-0.6108436787433493,-0.600298656047785,-0.6079825041006014,0.030499143301383813,-0.010545022695564343,0.007683848052816411,6090.0,-2.0,-0.01998648257217338,6460.73,6338.4,-3.843654256800676,-7.325439198258119,0,6214.2
2020-03-09,828,3243,5466,0.7966101694915254,0.2033898305084746,0.006437901770542598,-0.006437901770542626,0.5932203389830508,-0.5932203389830508,0.5803445354419655,0.6108436787433493,0.600298656047785,-0.5803445354419655,-0.6108436787433493,-0.600298656047785,-0.012875803541085307,0.030499143301383813,-0.010545022695564343,5965.8,-2.04,-0.02039408866995071,6255.6,6152.1,-1.998648257217338,-5.765481385201008,0,6090.0
2020-03-10,839,2861,5300,0.7732432432432432,0.22675675675675674,-0.023366926248282183,0.023366926248282155,0.5464864864864865,-0.5464864864864865,0.5932203389830508,0.5803445354419655,0.6108436787433493,-0.5932203389830508,-0.5803445354419655,-0.6108436787433493,0.046733852496564365,-0.012875803541085307,0.030499143301383813,5960.2,-0.09,-0.000938683831171069,6090.0,6027.9,-2.039408866995071,-3.997296514434676,0,5965.8
2020-03-11,774,2763,5155,0.7811704834605598,0.21882951653944022,0.007927240217316611,-0.007927240217316528,0.5623409669211196,-0.5623409669211196,0.5464864864864865,0.5932203389830508,0.5803445354419655,-0.5464864864864865,-0.5932203389830508,-0.5803445354419655,-0.01585448043463311,0.046733852496564365,-0.012875803541085307,5876.5,-1.4,-0.014043152914331704,6005.33,5963.0,-0.0938683831171069,-2.1313628899835826,0,5960.2
2020-03-12,836,2803,4726,0.7702665567463589,0.22973344325364112,-0.010903926714200929,0.010903926714200901,0.5405331134927178,-0.5405331134927178,0.5623409669211196,0.5464864864864865,0.5932203389830508,-0.5623409669211196,-0.5464864864864865,-0.5932203389830508,0.021807853428401747,-0.01585448043463311,0.046733852496564365,5237.5,-10.87,-0.10873819450353102,5934.17,5918.35,-1.4043152914331705,-1.4968654664923426,0,5876.5
2020-03-13,900,2718,4724,0.7512437810945274,0.24875621890547264,-0.019022775651831525,0.019022775651831525,0.5024875621890548,-0.5024875621890548,0.5405331134927178,0.5623409669211196,0.5464864864864865,-0.5405331134927178,-0.5623409669211196,-0.5464864864864865,0.03804555130366305,0.021807853428401747,-0.01585448043463311,5366.1,2.46,0.024553699284009616,5691.4,5557.0,-10.873819450353102,-12.125432032482129,1,5237.5
2020-03-14,892,2251,4327,0.7161947184218899,0.2838052815781101,-0.03504906267263752,0.03504906267263744,0.43238943684377984,-0.43238943684377984,0.5024875621890548,0.5405331134927178,0.5623409669211196,-0.5024875621890548,-0.5405331134927178,-0.5623409669211196,0.07009812534527493,0.03804555130366305,0.021807853428401747,5258.6,-2.0,-0.02003317120441289,5493.37,5301.8,2.4553699284009616,-8.685442014804725,0,5366.1
2020-03-15,1027,2449,4393,0.7045454545454546,0.29545454545454547,-0.011649263876435278,0.01164926387643539,0.4090909090909091,-0.4090909090909091,0.43238943684377984,0.5024875621890548,0.5405331134927178,-0.43238943684377984,-0.5024875621890548,-0.5405331134927178,0.023298527752870724,0.07009812534527493,0.03804555130366305,5204.85,-1.02,-0.010221351690564028,5287.4,5312.35,-2.003317120441289,0.4028639618138494,0,5258.6
2020-03-16,1035,2380,4590,0.6969253294289898,0.30307467057101023,-0.007620125116464815,0.00762012511646476,0.3938506588579795,-0.3938506588579795,0.4090909090909091,0.43238943684377984,0.5024875621890548,-0.4090909090909091,-0.43238943684377984,-0.5024875621890548,0.01524025023292963,0.023298527752870724,0.07009812534527493,5151.1,-1.03,-0.010326906635157593,5276.52,5231.73,-1.022135169056403,-3.004975680661933,0,5204.85
2020-03-17,1050,2465,4776,0.701280227596017,0.29871977240398295,0.004354898167027277,-0.004354898167027277,0.40256045519203415,-0.40256045519203415,0.3938506588579795,0.4090909090909091,0.43238943684377984,-0.3938506588579795,-0.4090909090909091,-0.43238943684377984,-0.008709796334054665,0.01524025023292963,0.023298527752870724,5294.9,2.79,0.02791636737784148,5204.85,5177.98,-1.0326906635157593,-2.044270338112806,1,5151.1
2020-03-18,1053,3059,4797,0.743920233463035,0.25607976653696496,0.042640005867017994,-0.042640005867017994,0.48784046692607,-0.48784046692607,0.40256045519203415,0.3938506588579795,0.4090909090909091,-0.40256045519203415,-0.3938506588579795,-0.4090909090909091,-0.08528001173403588,-0.008709796334054665,0.01524025023292963,5080.6,-4.05,-0.040472907892500194,5216.95,5223.0,2.791636737784148,1.7301171023180164,0,5294.9
2020-03-19,1121,2870,4767,0.7191180155349537,0.28088198446504636,-0.02480221792808135,0.024802217928081405,0.4382360310699073,-0.4382360310699073,0.48784046692607,0.40256045519203415,0.3938506588579795,-0.48784046692607,-0.40256045519203415,-0.3938506588579795,0.049604435856162754,-0.08528001173403588,-0.008709796334054665,5151.6,1.4,0.013974727394402234,5175.53,5187.75,-4.047290789250019,-1.3686397080235289,1,5080.6
2020-03-20,1204,2946,4906,0.7098795180722891,0.29012048192771084,-0.009238497462664585,0.009238497462664474,0.4197590361445783,-0.4197590361445783,0.4382360310699073,0.48784046692607,0.40256045519203415,-0.4382360310699073,-0.48784046692607,-0.40256045519203415,0.01847699492532895,0.049604435856162754,-0.08528001173403588,5190.8,0.76,0.007609286435282207,5175.7,5116.1,1.3974727394402233,-2.70637783527544,1,5151.6
2020-03-21,1183,2811,4656,0.7038057085628443,0.29619429143715575,-0.006073809509444805,0.006073809509444916,0.40761141712568855,-0.40761141712568855,0.4197590361445783,0.4382360310699073,0.48784046692607,-0.4197590361445783,-0.4382360310699073,-0.48784046692607,0.012147619018889777,0.01847699492532895,0.049604435856162754,5092.35,-1.9,-0.01896624797719038,5141.0,5171.2,0.7609286435282206,2.169035153328343,0,5190.8
2020-03-22,1320,2931,4978,0.689484827099506,0.310515172900494,-0.01432088146333832,0.014320881463338264,0.378969654199012,-0.378969654199012,0.40761141712568855,0.4197590361445783,0.4382360310699073,-0.40761141712568855,-0.4197590361445783,-0.4382360310699073,0.02864176292667653,0.012147619018889777,0.01847699492532895,5043.12,-0.97,-0.009667442339980651,5144.92,5141.58,-1.896624797719038,-1.1501281155369205,0,5092.35
2020-03-23,1401,3193,5370,0.695037004788855,0.30496299521114495,0.005552177689349014,-0.005552177689349069,0.39007400957771005,-0.39007400957771005,0.378969654199012,0.40761141712568855,0.4197590361445783,-0.378969654199012,-0.40761141712568855,-0.4197590361445783,-0.011104355378698028,0.02864176292667653,0.012147619018889777,4993.9,-0.98,-0.009759831215596745,5108.76,5067.74,-0.9667442339980651,-2.8450335208445767,0,5043.12
2020-03-24,1577,3471,6245,0.6875990491283677,0.31240095087163233,-0.007437955660487328,0.007437955660487383,0.37519809825673534,-0.37519809825673534,0.39007400957771005,0.378969654199012,0.40761141712568855,-0.39007400957771005,-0.378969654199012,-0.40761141712568855,0.01487591132097471,-0.011104355378698028,0.02864176292667653,5446.0,9.05,0.09053044714551761,5043.12,5018.51,-0.9759831215596746,-1.9332920950052672,1,4993.9
2020-03-25,1429,3054,5357,0.6812402409101048,0.3187597590898952,-0.006358808218262846,0.006358808218262846,0.3624804818202097,-0.3624804818202097,0.37519809825673534,0.39007400957771005,0.378969654199012,-0.37519809825673534,-0.39007400957771005,-0.378969654199012,0.012717616436525636,0.01487591132097471,-0.011104355378698028,5688.2,4.45,0.04447300771208223,5161.01,5219.95,9.053044714551762,7.988705404590811,1,5446.0
2020-03-26,1562,3305,5508,0.6790630778713787,0.32093692212862135,-0.002177163038726171,0.002177163038726171,0.35812615574275736,-0.35812615574275736,0.3624804818202097,0.37519809825673534,0.39007400957771005,-0.3624804818202097,-0.37519809825673534,-0.39007400957771005,0.004354326077452342,0.012717616436525636,0.01487591132097471,5815.7,2.24,0.022414823670053798,5376.03,5567.1,4.447300771208223,13.902961613168069,1,5688.2
2020-03-27,1533,3309,5331,0.6833952912019826,0.31660470879801733,0.004332213330603962,-0.004332213330604018,0.3667905824039653,-0.3667905824039653,0.35812615574275736,0.3624804818202097,0.37519809825673534,-0.35812615574275736,-0.3624804818202097,-0.37519809825673534,-0.008664426661207925,0.004354326077452342,0.012717616436525636,5510.3,-5.25,-0.05251302508726372,5649.97,5751.95,2.24148236700538,6.788468600807929,0,5815.7
2020-03-28,1496,3045,4940,0.670557146003083,0.329442853996917,-0.012838145198899586,0.012838145198899642,0.34111429200616605,-0.34111429200616605,0.3667905824039653,0.35812615574275736,0.3624804818202097,-0.3667905824039653,-0.35812615574275736,-0.3624804818202097,0.02567629039779923,-0.008664426661207925,0.004354326077452342,5537.0,0.48,0.004845471208464115,5671.4,5663.0,-5.251302508726372,-3.127527161492206,1,5510.3
2020-03-29,1482,3351,4980,0.6933581626319056,0.30664183736809436,0.022801016628822612,-0.022801016628822612,0.3867163252638113,-0.3867163252638113,0.34111429200616605,0.3667905824039653,0.35812615574275736,-0.34111429200616605,-0.3667905824039653,-0.35812615574275736,-0.045602033257645225,0.02567629039779923,-0.008664426661207925,5550.35,0.24,0.002411052916741984,5621.0,5523.65,0.48454712084641155,-4.79220042299293,1,5537.0
2020-03-30,1410,3024,5049,0.6820027063599459,0.31799729364005414,-0.011355456271959774,0.011355456271959774,0.36400541271989173,-0.36400541271989173,0.3867163252638113,0.34111429200616605,0.3667905824039653,-0.3867163252638113,-0.34111429200616605,-0.3667905824039653,0.022710912543919548,-0.045602033257645225,0.02567629039779923,5563.7,0.24,0.002405253722738107,5532.55,5543.68,0.2411052916741984,0.7268206812696256,1,5550.35
2020-03-31,1691,3681,6644,0.6852196574832464,0.3147803425167535,0.00321695112330056,-0.0032169511233006154,0.3704393149664929,-0.3704393149664929,0.36400541271989173,0.3867163252638113,0.34111429200616605,-0.36400541271989173,-0.3867163252638113,-0.34111429200616605,-0.006433902246601175,0.022710912543919548,-0.045602033257645225,5672.0,1.95,0.019465463630317988,5550.35,5557.02,0.2405253722738107,0.4822105833483803,1,5563.7
2020-04-01,1497,3641,5479,0.708641494745037,0.29135850525496304,0.02342183726179059,-0.02342183726179048,0.417282989490074,-0.417282989490074,0.3704393149664929,0.36400541271989173,0.3867163252638113,-0.3704393149664929,-0.36400541271989173,-0.3867163252638113,-0.04684367452358107,-0.006433902246601175,0.022710912543919548,5454.6,-3.83,-0.03832863187588146,5595.35,5617.85,1.9465463630317987,2.191753673191774,0,5672.0
2020-04-02,1628,3693,5677,0.6940424732193197,0.30595752678068033,-0.014599021525717348,0.014599021525717293,0.38808494643863933,-0.38808494643863933,0.417282989490074,0.3704393149664929,0.36400541271989173,-0.417282989490074,-0.3704393149664929,-0.36400541271989173,0.02919804305143464,-0.04684367452358107,-0.006433902246601175,5480.2,0.47,0.004693286400469229,5563.43,5563.3,-3.832863187588146,-1.960925283534329,1,5454.6
2020-04-03,1726,3612,6059,0.6766579243162233,0.3233420756837767,-0.017384548903096375,0.017384548903096375,0.3533158486324466,-0.3533158486324466,0.38808494643863933,0.417282989490074,0.3704393149664929,-0.38808494643863933,-0.417282989490074,-0.3704393149664929,0.03476909780619275,0.02919804305143464,-0.04684367452358107,5415.5,-1.18,-0.01180613846209989,5535.6,5467.4,0.4693286400469229,-3.3815232722143893,0,5480.2
2020-04-04,1579,3734,5461,0.7028044419348767,0.29719555806512327,0.026146517618653387,-0.026146517618653442,0.4056088838697534,-0.4056088838697534,0.3533158486324466,0.38808494643863933,0.417282989490074,-0.3533158486324466,-0.38808494643863933,-0.417282989490074,-0.05229303523730683,0.03476909780619275,0.02919804305143464,5498.95,1.54,0.015409472809528172,5450.1,5447.85,-1.180613846209989,-0.7168261650716892,1,5415.5
2020-04-05,1580,3640,5496,0.6973180076628352,0.30268199233716475,-0.005486434272041429,0.005486434272041485,0.3946360153256705,-0.3946360153256705,0.4056088838697534,0.3533158486324466,0.38808494643863933,-0.4056088838697534,-0.3533158486324466,-0.38808494643863933,0.010972868544082914,-0.05229303523730683,0.03476909780619275,5540.68,0.76,0.007588721483192332,5464.88,5457.22,1.5409472809528173,0.3421407977811029,1,5498.95
2020-04-06,1638,3491,5677,0.680639500877364,0.319360499122636,-0.016678506785471225,0.016678506785471225,0.361279001754728,-0.361279001754728,0.3946360153256705,0.4056088838697534,0.3533158486324466,-0.3946360153256705,-0.4056088838697534,-0.3533158486324466,0.033357013570942506,0.010972868544082914,-0.05229303523730683,5582.4,0.75,0.00752976168990076,5485.04,5519.82,0.7588721483192332,2.3115132490074837,1,5540.68
2020-04-07,1751,3611,5716,0.6734427452443118,0.3265572547556882,-0.007196755633052221,0.007196755633052221,0.34688549048862366,-0.34688549048862366,0.361279001754728,0.3946360153256705,0.4056088838697534,-0.361279001754728,-0.3946360153256705,-0.4056088838697534,0.01439351126610433,0.033357013570942506,0.010972868544082914,5704.5,2.19,0.021872312983663007,5540.68,5561.54,0.752976168990076,1.517562443739256,1,5582.4
2020-04-08,1731,3551,5560,0.6722832260507383,0.32771677394926163,-0.0011595191935734883,0.0011595191935734328,0.34456645210147674,-0.34456645210147674,0.34688549048862366,0.361279001754728,0.3946360153256705,-0.34688549048862366,-0.361279001754728,-0.3946360153256705,0.002319038387146921,0.01439351126610433,0.033357013570942506,5677.7,-0.47,-0.004698045402752245,5609.19,5643.45,2.1872312983663007,2.9566767977937674,0,5704.5
2020-04-09,1654,3730,5818,0.6927934621099554,0.3072065378900446,0.02051023605921709,-0.020510236059217035,0.38558692421991086,-0.38558692421991086,0.34456645210147674,0.34688549048862366,0.361279001754728,-0.34456645210147674,-0.34688549048862366,-0.361279001754728,-0.041020472118434126,0.002319038387146921,0.01439351126610433,5842.7,2.91,0.029061063458794934,5654.87,5691.1,-0.4698045402752245,1.7071510461450305,1,5677.7
2020-04-10,1643,3853,5848,0.7010553129548762,0.2989446870451237,0.008261850844920815,-0.00826185084492087,0.40211062590975255,-0.40211062590975255,0.38558692421991086,0.34456645210147674,0.34688549048862366,-0.38558692421991086,-0.34456645210147674,-0.34688549048862366,-0.016523701689841686,-0.041020472118434126,0.002319038387146921,5817.0,-0.44,-0.004398651308470368,5741.63,5760.2,2.9061063458794933,2.422648786046101,0,5842.7
2020-04-11,1450,3723,5341,0.7196984341774599,0.2803015658225401,0.018643121222583714,-0.018643121222583603,0.43939686835491976,-0.43939686835491976,0.40211062590975255,0.38558692421991086,0.34456645210147674,-0.40211062590975255,-0.38558692421991086,-0.34456645210147674,-0.037286242445167206,-0.016523701689841686,-0.041020472118434126,5804.15,-0.22,-0.0022090424617501056,5779.13,5829.85,-0.4398651308470368,2.4534582665516,0,5817.0
2020-04-12,1440,3675,5071,0.718475073313783,0.28152492668621704,-0.0012233608636769144,0.0012233608636769144,0.436950146627566,-0.436950146627566,0.43939686835491976,0.40211062590975255,0.38558692421991086,-0.43939686835491976,-0.40211062590975255,-0.38558692421991086,0.0024467217273537734,-0.037286242445167206,-0.016523701689841686,5797.72,-0.11,-0.0011078280196065542,5821.28,5810.58,-0.22090424617501056,-0.659797696270563,0,5804.15
2020-04-13,1471,3714,5672,0.7162970106075217,0.2837029893924783,-0.002178062706261308,0.0021780627062612523,0.43259402121504337,-0.43259402121504337,0.436950146627566,0.43939686835491976,0.40211062590975255,-0.436950146627566,-0.43939686835491976,-0.40211062590975255,0.004356125412522616,0.0024467217273537734,-0.037286242445167206,5794.51,-0.06,-0.0005536659238459319,5806.29,5800.94,-0.11078280196065542,-0.33144232422210324,0,5797.72
2020-04-14,1584,3588,6069,0.6937354988399071,0.3062645011600928,-0.02256151176761456,0.022561511767614506,0.3874709976798144,-0.3874709976798144,0.43259402121504337,0.436950146627566,0.43939686835491976,-0.43259402121504337,-0.436950146627566,-0.43939686835491976,0.04512302353522896,0.004356125412522616,0.0024467217273537734,5791.3,-0.06,-0.000553972639619232,5798.79,5796.12,-0.05536659238459319,-0.1660880576828548,0,5794.51
2020-04-15,1578,3825,6174,0.7079400333148251,0.2920599666851749,0.014204534474917985,-0.014204534474917874,0.4158800666296502,-0.4158800666296502,0.3874709976798144,0.43259402121504337,0.436950146627566,-0.3874709976798144,-0.43259402121504337,-0.436950146627566,-0.028409068949835803,0.04512302353522896,0.004356125412522616,5597.7,-3.34,-0.03342945452661757,5794.51,5792.91,-0.0553972639619232,-0.11073318476918638,0,5791.3
2020-04-16,1680,3780,6270,0.6923076923076923,0.3076923076923077,-0.015632341007132844,0.01563234100713279,0.38461538461538464,-0.38461538461538464,0.4158800666296502,0.3874709976798144,0.43259402121504337,-0.4158800666296502,-0.3874709976798144,-0.43259402121504337,0.03126468201426558,-0.028409068949835803,0.04512302353522896,5628.4,0.55,0.0054843953766725295,5727.84,5694.5,-3.3429454526617572,-3.3964908163071663,1,5597.7
2020-04-17,1596,3735,6002,0.7006190208216094,0.29938097917839057,0.008311328513917138,-0.008311328513917138,0.4012380416432189,-0.4012380416432189,0.38461538461538464,0.4158800666296502,0.3874709976798144,-0.38461538461538464,-0.4158800666296502,-0.3874709976798144,-0.016622657027834276,0.03126468201426558,-0.028409068949835803,5787.0,2.82,0.028178523203752463,5672.47,5613.05,0.548439537667253,-2.812839949579551,1,5628.4
2020-04-18,1472,3881,5623,0.7250140108350458,0.27498598916495426,0.02439499001343637,-0.024394990013436313,0.45002802167009154,-0.45002802167009154,0.4012380416432189,0.38461538461538464,0.4158800666296502,-0.4012380416432189,-0.38461538461538464,-0.4158800666296502,-0.048789980026872626,-0.016622657027834276,0.03126468201426558,5799.9,0.22,0.0022291342664592425,5671.03,5707.7,2.817852320375246,3.3817460742805117,1,5787.0
2020-04-19,1440,3729,5476,0.7214161346488682,0.2785838653511317,-0.003597876186177573,0.003597876186177462,0.4428322692977365,-0.4428322692977365,0.45002802167009154,0.4012380416432189,0.38461538461538464,-0.45002802167009154,-0.4012380416432189,-0.38461538461538464,0.007195752372355035,-0.048789980026872626,-0.016622657027834276,5806.35,0.11,0.0011120881394508057,5738.43,5793.45,0.22291342664592426,3.0470471181863408,1,5799.9
2020-04-20,1460,3809,5954,0.7229075725944202,0.2770924274055798,0.0014914379455519544,-0.001491437945551899,0.4458151451888404,-0.4458151451888404,0.4428322692977365,0.45002802167009154,0.4012380416432189,-0.4428322692977365,-0.45002802167009154,-0.4012380416432189,-0.002982875891103909,0.007195752372355035,-0.048789980026872626,5812.8,0.11,0.0011108527732568338,5797.75,5803.12,0.11120881394508057,0.3343701399689021,1,5806.35
2020-04-21,1516,3944,6015,0.7223443223443223,0.27765567765567767,-0.0005632502500978465,0.0005632502500978465,0.44468864468864466,-0.44468864468864466,0.4458151451888404,0.4428322692977365,0.45002802167009154,-0.4458151451888404,-0.4428322692977365,-0.45002802167009154,0.0011265005001957484,-0.002982875891103909,0.007195752372355035,5641.0,-2.96,-0.029555463804018748,5806.35,5809.58,0.11108527732568338,0.22241762789014544,0,5812.8
2020-04-22,1642,3795,6146,0.697995217951076,0.30200478204892406,-0.024349104393246335,0.02434910439324639,0.39599043590215194,-0.39599043590215194,0.44468864468864466,0.4458151451888404,0.4428322692977365,-0.44468864468864466,-0.4458151451888404,-0.4428322692977365,0.048698208786492725,0.0011265005001957484,-0.002982875891103909,5770.6,2.3,0.02297464988477227,5753.38,5726.9,-2.955546380401875,-2.84774427996935,1,5641.0
2020-04-23,1915,4014,6867,0.6770113003879238,0.3229886996120762,-0.02098391756315221,0.020983917563152155,0.3540226007758475,-0.3540226007758475,0.39599043590215194,0.44468864468864466,0.4458151451888404,-0.39599043590215194,-0.44468864468864466,-0.4458151451888404,0.04196783512630442,0.048698208786492725,0.0011265005001957484,5826.6,0.97,0.009704363497729872,5741.47,5705.8,2.297464988477227,-0.725984035232587,1,5770.6
2020-04-24,1943,4328,7602,0.69016105884229,0.3098389411577101,0.013149758454366167,-0.013149758454366112,0.3803221176845798,-0.3803221176845798,0.3540226007758475,0.39599043590215194,0.44468864468864466,-0.3540226007758475,-0.39599043590215194,-0.44468864468864466,-0.02629951690873228,0.04196783512630442,0.048698208786492725,5752.2,-1.28,-0.012769024817217681,5746.07,5798.6,0.9704363497729872,3.290196773621705,0,5826.6
2020-04-25,1782,4262,6808,0.7051621442753143,0.2948378557246856,0.015001085433024364,-0.015001085433024475,0.41032428855062875,-0.41032428855062875,0.3803221176845798,0.3540226007758475,0.39599043590215194,-0.3803221176845798,-0.3540226007758475,-0.39599043590215194,-0.03000217086604895,-0.02629951690873228,0.04196783512630442,5799.5,0.82,0.008222940787872498,5783.13,5789.4,-1.276902481721768,-0.3188576577825624,1,5752.2
2020-04-26,1812,4203,6782,0.6987531172069825,0.3012468827930175,-0.006409027068331796,0.006409027068331852,0.3975062344139651,-0.3975062344139651,0.41032428855062875,0.3803221176845798,0.3540226007758475,-0.41032428855062875,-0.3803221176845798,-0.3540226007758475,0.012818054136663648,-0.03000217086604895,-0.02629951690873228,5823.15,0.41,0.004077937753254528,5792.77,5775.85,0.8222940787872498,-0.4651082964336039,1,5799.5
2020-04-27,1943,4317,7412,0.6896166134185303,0.31038338658146963,-0.00913650378845221,0.009136503788452155,0.3792332268370607,-0.3792332268370607,0.3975062344139651,0.41032428855062875,0.3803221176845798,-0.3975062344139651,-0.41032428855062875,-0.3803221176845798,0.01827300757690442,0.012818054136663648,-0.03000217086604895,5846.8,0.41,0.004061375715892695,5791.62,5811.32,0.40779377532545286,1.2334411181808669,1,5823.15
2020-04-28,1899,4226,7200,0.6899591836734694,0.31004081632653063,0.00034257025493911186,-0.00034257025493900084,0.3799183673469388,-0.3799183673469388,0.3792332268370607,0.3975062344139651,0.41032428855062875,-0.3792332268370607,-0.3975062344139651,-0.41032428855062875,-0.0006851405098781127,0.01827300757690442,0.012818054136663648,5958.5,1.91,0.01910446740097144,5823.15,5834.98,0.4061375715892695,0.8155875506509213,1,5846.8
2020-04-29,1765,4289,6922,0.7084572183680211,0.29154278163197883,0.01849803469455169,-0.0184980346945518,0.4169144367360423,-0.4169144367360423,0.3799183673469388,0.3792332268370607,0.3975062344139651,-0.3799183673469388,-0.3792332268370607,-0.3975062344139651,-0.03699606938910349,-0.0006851405098781127,0.01827300757690442,6115.3,2.63,0.026315347822438565,5876.15,5902.65,1.910446740097144,2.32434335368315,1,5958.5
2020-04-30,1883,4405,7505,0.7005407124681934,0.2994592875318066,-0.00791650589982773,0.007916505899827786,0.40108142493638677,-0.40108142493638677,0.4169144367360423,0.3799183673469388,0.3792332268370607,-0.4169144367360423,-0.3799183673469388,-0.3792332268370607,0.015833011799655516,-0.03699606938910349,-0.0006851405098781127,5901.2,-3.5,-0.03501054731574908,5973.53,6036.9,2.6315347822438566,4.592255592802901,0,6115.3
2020-05-01,1868,4180,7213,0.6911375661375662,0.30886243386243384,-0.009403146330627221,0.009403146330627221,0.38227513227513227,-0.38227513227513227,0.40108142493638677,0.4169144367360423,0.3799183673469388,-0.40108142493638677,-0.4169144367360423,-0.3799183673469388,0.018806292661254498,0.015833011799655516,-0.03699606938910349,5763.1,-2.34,-0.023402019928150115,5991.67,6008.25,-3.501054731574908,-0.9616514223378397,0,5901.2
2020-05-02,1709,4067,6853,0.7041204986149584,0.29587950138504154,0.01298293247739224,-0.012982932477392295,0.4082409972299169,-0.4082409972299169,0.38227513227513227,0.40108142493638677,0.4169144367360423,-0.38227513227513227,-0.40108142493638677,-0.4169144367360423,-0.025965864954784645,0.018806292661254498,0.015833011799655516,5758.45,-0.08,-0.0008068574204855972,5926.53,5832.15,-2.3402019928150115,-5.75932497179206,0,5763.1
2020-05-03,1633,4011,6347,0.7106661941885187,0.2893338058114812,0.006545695573560328,-0.006545695573560328,0.42133238837703757,-0.42133238837703757,0.4082409972299169,0.38227513227513227,0.40108142493638677,-0.4082409972299169,-0.38227513227513227,-0.40108142493638677,-0.013091391147120657,-0.025965864954784645,0.018806292661254498,5756.12,-0.04,-0.0004046227717528028,5807.58,5760.78,-0.08068574204855972,-2.4189995255202335,0,5758.45
2020-05-04,1737,4343,7158,0.7143092105263158,0.2856907894736842,0.003643016337797067,-0.0036430163377970115,0.4286184210526316,-0.4286184210526316,0.42133238837703757,0.4082409972299169,0.38227513227513227,-0.42133238837703757,-0.4082409972299169,-0.38227513227513227,-0.007286032675594023,-0.013091391147120657,-0.025965864954784645,5753.8,-0.04,-0.00040304927624853354,5759.22,5757.28,-0.04046227717528028,-0.12111537193525139,0,5756.12
2020-05-05,1734,4538,6977,0.7235331632653061,0.27646683673469385,0.009223952738990349,-0.009223952738990349,0.44706632653061223,-0.44706632653061223,0.4286184210526316,0.42133238837703757,0.4082409972299169,-0.4286184210526316,-0.42133238837703757,-0.4082409972299169,-0.01844790547798064,-0.007286032675594023,-0.013091391147120657,5849.4,1.66,0.016615106538287645,5756.12,5754.96,-0.040304927624853354,-0.08075089650860277,1,5753.8
2020-05-06,1866,4571,7381,0.7101134068665528,0.2898865931334473,-0.013419756398753369,0.013419756398753424,0.4202268137331055,-0.4202268137331055,0.44706632653061223,0.4286184210526316,0.42133238837703757,-0.44706632653061223,-0.4286184210526316,-0.42133238837703757,0.026839512797506737,-0.01844790547798064,-0.007286032675594023,5853.8,0.08,0.0007522139022806691,5786.44,5801.6,1.6615106538287645,1.6205360555374062,1,5849.4
2020-05-07,1867,4454,7447,0.7046353425090967,0.29536465749090335,-0.005478064357456125,0.0054780643574560695,0.4092706850181933,-0.4092706850181933,0.4202268137331055,0.44706632653061223,0.4286184210526316,-0.4202268137331055,-0.44706632653061223,-0.4286184210526316,0.010956128714912194,0.026839512797506737,-0.01844790547798064,5936.0,1.4,0.014042160647784314,5819.0,5851.6,0.07522139022806691,1.7379818554694288,1,5853.8
2020-05-08,1825,4432,7178,0.7083266741249801,0.29167332587502,0.0036913316158834197,-0.0036913316158833642,0.41665334824996003,-0.41665334824996003,0.4092706850181933,0.4202268137331055,0.44706632653061223,-0.4092706850181933,-0.4202268137331055,-0.44706632653061223,-0.0073826632317667285,0.010956128714912194,0.026839512797506737,5937.85,0.03,0.0003116576819407621,5879.73,5894.9,1.4042160647784314,1.4804937258522304,1,5936.0
2020-05-09,1689,4346,6738,0.72013256006628,0.27986743993372,0.011805885941299943,-0.011805885941299998,0.4402651201325601,-0.4402651201325601,0.41665334824996003,0.4092706850181933,0.4202268137331055,-0.41665334824996003,-0.4092706850181933,-0.4202268137331055,-0.023611771882600052,-0.0073826632317667285,0.010956128714912194,5938.78,0.02,0.00015662234647210378,5909.22,5936.92,0.031165768194076213,1.4358194676962004,1,5937.85
2020-05-10,1625,4361,6592,0.728533244236552,0.27146675576344803,0.008400684170271955,-0.008400684170271955,0.4570664884731039,-0.4570664884731039,0.4402651201325601,0.41665334824996003,0.4092706850181933,-0.4402651201325601,-0.41665334824996003,-0.4092706850181933,-0.0168013683405438,-0.023611771882600052,-0.0073826632317667285,5939.24,0.01,7.745698611499944e-05,5937.54,5938.32,0.01566223464721038,0.04683288409703075,1,5938.78
2020-05-11,1661,4257,6823,0.7193308550185874,0.28066914498141265,-0.009202389217964568,0.009202389217964624,0.43866171003717475,-0.43866171003717475,0.4570664884731039,0.4402651201325601,0.41665334824996003,-0.4570664884731039,-0.4402651201325601,-0.41665334824996003,0.018404778435929137,-0.0168013683405438,-0.023611771882600052,5939.7,0.01,7.745098699497518e-05,5938.62,5939.01,0.007745698611499944,0.023409146408201922,1,5939.24
2020-05-12,1837,4514,7380,0.7107542119351283,0.28924578806487167,-0.008576643083459068,0.008576643083459012,0.42150842387025667,-0.42150842387025667,0.43866171003717475,0.4570664884731039,0.4402651201325601,-0.43866171003717475,-0.4570664884731039,-0.4402651201325601,0.01715328616691808,0.018404778435929137,-0.0168013683405438,5994.8,0.93,0.009276562789366527,5939.24,5939.47,0.007745098699497518,0.015491397222999888,1,5939.7
2020-05-13,1729,4448,7265,0.7200906588959042,0.2799093411040958,0.009336446960775846,-0.009336446960775846,0.4401813177918083,-0.4401813177918083,0.42150842387025667,0.43866171003717475,0.4570664884731039,-0.42150842387025667,-0.43866171003717475,-0.4570664884731039,-0.018672893921551637,0.01715328616691808,0.018404778435929137,5904.1,-1.51,-0.01512977914192297,5957.91,5967.25,0.9276562789366527,0.935473225530546,0,5994.8
2020-05-14,1695,4383,7307,0.7211253701875617,0.2788746298124383,0.001034711291657553,-0.0010347112916574974,0.4422507403751234,-0.4422507403751234,0.4401813177918083,0.42150842387025667,0.43866171003717475,-0.4401813177918083,-0.42150842387025667,-0.43866171003717475,-0.002069422583315106,-0.018672893921551637,0.01715328616691808,5741.5,-2.75,-0.027540183939973976,5946.2,5949.45,-1.512977914192297,-0.5993568698755738,0,5904.1
2020-05-15,1832,4497,7422,0.7105387896982146,0.28946121030178545,-0.01058658048934713,0.01058658048934713,0.42107757939642915,-0.42107757939642915,0.4422507403751234,0.4401813177918083,0.42150842387025667,-0.4422507403751234,-0.4401813177918083,-0.42150842387025667,0.02117316097869426,-0.002069422583315106,-0.018672893921551637,5799.8,1.02,0.010154140903944994,5880.13,5822.8,-2.7540183939973977,-4.225328618135721,1,5741.5
2020-05-16,1745,4395,6890,0.7157980456026058,0.28420195439739415,0.005259255904391247,-0.005259255904391302,0.43159609120521175,-0.43159609120521175,0.42107757939642915,0.4422507403751234,0.4401813177918083,-0.42107757939642915,-0.4422507403751234,-0.4401813177918083,-0.010518511808782605,0.02117316097869426,-0.002069422583315106,5924.2,2.14,0.021449015483292463,5815.13,5770.65,1.0154140903944995,-1.7665689944276042,1,5799.8
2020-05-17,1506,4310,6554,0.7410591471801926,0.25894085281980744,0.025261101577586764,-0.02526110157758671,0.48211829436038517,-0.48211829436038517,0.43159609120521175,0.42107757939642915,0.4422507403751234,-0.43159609120521175,-0.42107757939642915,-0.4422507403751234,-0.05052220315517342,-0.010518511808782605,0.02117316097869426,5986.4,1.05,0.01049930792343267,5821.83,5862.0,2.1449015483292464,3.182095271270571,1,5924.2
2020-05-18,1627,4208,6792,0.7211653813196229,0.278834618680377,-0.01989376586056968,0.019893765860569568,0.4423307626392459,-0.4423307626392459,0.48211829436038517,0.43159609120521175,0.42107757939642915,-0.48211829436038517,-0.43159609120521175,-0.42107757939642915,0.039787531721139247,-0.05052220315517342,-0.010518511808782605,6048.6,1.04,0.010390217827074825,5903.47,5955.3,1.049930792343267,3.2173523224938694,1,5986.4
2020-05-19,1785,4239,7398,0.7036852589641435,0.2963147410358566,-0.017480122355479466,0.017480122355479577,0.4073705179282869,-0.4073705179282869,0.4423307626392459,0.48211829436038517,0.43159609120521175,-0.4423307626392459,-0.48211829436038517,-0.43159609120521175,0.03496024471095904,0.039787531721139247,-0.05052220315517342,6002.2,-0.77,-0.007671196640545009,5986.4,6017.5,1.0390217827074826,2.099861584686549,0,6048.6
2020-05-20,1669,4140,7370,0.7126872095024961,0.28731279049750386,0.009001950538352621,-0.009001950538352732,0.42537441900499223,-0.42537441900499223,0.4073705179282869,0.4423307626392459,0.48211829436038517,-0.4073705179282869,-0.4423307626392459,-0.48211829436038517,-0.018003901076705353,0.03496024471095904,0.039787531721139247,6067.2,1.08,0.010829362567058746,6012.4,6025.4,-0.7671196640545009,0.2639315782440228,1,6002.2
2020-05-21,1774,4379,7509,0.7116853567365513,0.28831464326344874,-0.0010018527659447773,0.0010018527659448884,0.42337071347310257,-0.42337071347310257,0.42537441900499223,0.4073705179282869,0.4423307626392459,-0.42537441900499223,-0.4073705179282869,-0.4423307626392459,0.0020037055318896657,-0.018003901076705353,0.03496024471095904,6015.3,-0.86,-0.008554193037974623,6039.33,6034.7,1.0829362567058747,0.30750917567700714,0,6067.2
2020-05-22,1853,4414,7343,0.7043242380724429,0.29567576192755707,-0.007361118664108379,0.007361118664108324,0.4086484761448859,-0.4086484761448859,0.42337071347310257,0.42537441900499223,0.4073705179282869,-0.42337071347310257,-0.42537441900499223,-0.4073705179282869,0.014722237328216647,0.0020037055318896657,-0.018003901076705353,5993.3,-0.37,-0.003657340448522933,6028.23,6041.25,-0.8554193037974623,0.2182533071207285,0,6015.3
2020-05-23,1408,4017,6149,0.7404608294930876,0.25953917050691244,0.036136591420644626,-0.036136591420644626,0.4809216589861751,-0.4809216589861751,0.4086484761448859,0.42337071347310257,0.42537441900499223,-0.4086484761448859,-0.42337071347310257,-0.42537441900499223,-0.0722731828412892,0.014722237328216647,0.0020037055318896657,6030.55,0.62,0.0062152737223232606,6025.27,6004.3,-0.3657340448522933,-1.21802478902953,1,5993.3
2020-05-24,1431,4346,5716,0.7522935779816514,0.24770642201834864,0.01183274848856386,-0.011832748488563805,0.5045871559633027,-0.5045871559633027,0.4809216589861751,0.4086484761448859,0.42337071347310257,-0.4809216589861751,-0.4086484761448859,-0.42337071347310257,-0.02366549697712761,-0.0722731828412892,0.014722237328216647,6049.18,0.31,0.0030892704645513443,6013.05,6011.92,0.621527372232326,0.25352019018170335,1,6030.55
2020-05-25,1452,4087,6088,0.7378588192814588,0.26214118071854126,-0.014434758700192618,0.014434758700192618,0.4757176385629175,-0.4757176385629175,0.5045871559633027,0.4809216589861751,0.4086484761448859,-0.5045871559633027,-0.4809216589861751,-0.4086484761448859,0.028869517400385236,-0.02366549697712761,-0.0722731828412892,6058.49,0.15,0.0015390515739322503,6024.34,6039.86,0.3089270464551344,0.9323744848414081,1,6049.18
2020-05-26,1562,4119,6487,0.7250484069706038,0.27495159302939626,-0.012810412310855002,0.012810412310855002,0.45009681394120754,-0.45009681394120754,0.4757176385629175,0.5045871559633027,0.4809216589861751,-0.4757176385629175,-0.5045871559633027,-0.4809216589861751,0.025620824621709948,0.028869517400385236,-0.02366549697712761,6067.8,0.15,0.0015366865341034483,6046.07,6053.84,0.15390515739322502,0.4633076585054365,1,6058.49
2020-05-27,1583,4059,6756,0.7194257355547679,0.2805742644452322,-0.005622671415835945,0.005622671415835945,0.43885147110953565,-0.43885147110953565,0.45009681394120754,0.4757176385629175,0.5045871559633027,-0.45009681394120754,-0.4757176385629175,-0.5045871559633027,0.01124534283167189,0.025620824621709948,0.028869517400385236,6144.3,1.26,0.012607534856125778,6058.49,6063.14,0.15366865341034483,0.3078103147864651,1,6067.8
2020-05-28,1510,4197,6251,0.7354126511301909,0.264587348869809,0.01598691557542309,-0.0159869155754232,0.470825302260382,-0.470825302260382,0.43885147110953565,0.45009681394120754,0.4757176385629175,-0.43885147110953565,-0.45009681394120754,-0.4757176385629175,-0.031973831150846344,0.01124534283167189,0.025620824621709948,6218.8,1.21,0.012125058997770291,6090.2,6106.05,1.2607534856125777,1.4163595219270875,1,6144.3
2020-05-29,1489,3889,5945,0.7231312755671253,0.2768687244328747,-0.012281375563065633,0.012281375563065688,0.4462625511342507,-0.4462625511342507,0.470825302260382,0.43885147110953565,0.45009681394120754,-0.470825302260382,-0.43885147110953565,-0.45009681394120754,0.02456275112613132,-0.031973831150846344,0.01124534283167189,6076.6,-2.29,-0.022866147809866826,6143.63,6181.55,1.212505899777029,2.488546095784304,0,6218.8
2020-05-30,1238,3646,5290,0.7465192465192465,0.2534807534807535,0.023387970952121195,-0.023387970952121195,0.49303849303849306,-0.49303849303849306,0.4462625511342507,0.470825302260382,0.43885147110953565,-0.4462625511342507,-0.470825302260382,-0.43885147110953565,-0.04677594190424239,0.02456275112613132,-0.031973831150846344,6121.5,0.74,0.007389000427870789,6146.57,6147.7,-2.2866147809866826,-1.1018342203342906,1,6076.6
2020-05-31,1159,3617,4956,0.7573283082077052,0.2426716917922948,0.010809061688458743,-0.010809061688458688,0.5146566164154104,-0.5146566164154104,0.49303849303849306,0.4462625511342507,0.470825302260382,-0.49303849303849306,-0.4462625511342507,-0.470825302260382,-0.02161812337691732,-0.04677594190424239,0.02456275112613132,6143.95,0.37,0.003667401780609298,6138.97,6099.05,0.7389000427870789,-1.5646105357946898,1,6121.5
2020-06-01,1344,3537,5318,0.7246465888137676,0.27535341118623236,-0.0326817193939376,0.03268171939393755,0.44929317762753535,-0.44929317762753535,0.5146566164154104,0.49303849303849306,0.4462625511342507,-0.5146566164154104,-0.49303849303849306,-0.4462625511342507,0.06536343878787504,-0.02161812337691732,-0.04677594190424239,6166.4,0.37,0.0036540010905036367,6114.02,6132.72,0.3667401780609298,1.1083500641806183,1,6143.95
2020-06-02,1318,3599,5601,0.7319503762456783,0.26804962375432173,0.007303787431910624,-0.007303787431910624,0.46390075249135654,-0.46390075249135654,0.44929317762753535,0.5146566164154104,0.49303849303849306,-0.44929317762753535,-0.5146566164154104,-0.49303849303849306,-0.014607574863821193,0.06536343878787504,-0.02161812337691732,6220.1,0.87,0.00870848469123001,6143.95,6155.17,0.3654001090503637,0.7334803561218596,1,6166.4
2020-06-03,1366,3837,6058,0.7374591581779742,0.26254084182202575,0.005508781932295981,-0.005508781932295981,0.4749183163559485,-0.4749183163559485,0.46390075249135654,0.44929317762753535,0.5146566164154104,-0.46390075249135654,-0.44929317762753535,-0.5146566164154104,-0.011017563864591962,-0.014607574863821193,0.06536343878787504,6382.4,2.61,0.026092828089580435,6176.82,6193.25,0.870848469123001,1.2394306594292035,1,6220.1
2020-06-04,1363,3697,6080,0.7306324110671937,0.2693675889328063,-0.006826747110780573,0.006826747110780573,0.46126482213438735,-0.46126482213438735,0.4749183163559485,0.46390075249135654,0.44929317762753535,-0.4749183163559485,-0.46390075249135654,-0.44929317762753535,0.013653494221561147,-0.011017563864591962,-0.014607574863821193,6341.4,-0.64,-0.006423915768362999,6256.3,6301.25,2.6092828089580435,3.5028541774779454,0,6382.4
2020-06-05,1303,3375,5123,0.7214621633176571,0.2785378366823429,-0.009170247749536564,0.009170247749536564,0.4429243266353142,-0.4429243266353142,0.46126482213438735,0.4749183163559485,0.46390075249135654,-0.46126482213438735,-0.4749183163559485,-0.46390075249135654,0.01834049549907313,0.013653494221561147,-0.011017563864591962,6484.3,2.25,0.022534456113791995,6314.63,6361.9,-0.6423915768362999,1.9501294191411598,1,6341.4
2020-06-06,1177,3269,4789,0.7352676563202879,0.2647323436797121,0.013805493002630786,-0.013805493002630786,0.4705353126405758,-0.4705353126405758,0.4429243266353142,0.46126482213438735,0.4749183163559485,-0.4429243266353142,-0.46126482213438735,-0.4749183163559485,-0.027610986005261573,0.01834049549907313,0.013653494221561147,6478.45,-0.09,-0.000902179109541564,6402.7,6412.85,2.2534456113791994,1.5965780897468123,0,6484.3
2020-06-07,1047,3098,4498,0.7474065138721351,0.2525934861278649,0.012138857551847182,-0.012138857551847182,0.4948130277442702,-0.4948130277442702,0.4705353126405758,0.4429243266353142,0.46126482213438735,-0.4705353126405758,-0.4429243266353142,-0.46126482213438735,-0.02427771510369442,-0.027610986005261573,0.01834049549907313,6475.52,-0.05,-0.0004522686753775026,6434.72,6481.38,-0.0902179109541564,2.1611946888699687,0,6478.45
2020-06-08,1412,3497,6522,0.7123650437971073,0.28763495620289264,-0.03504147007502778,0.035041470075027725,0.4247300875942147,-0.4247300875942147,0.4948130277442702,0.4705353126405758,0.4429243266353142,-0.4948130277442702,-0.4705353126405758,-0.4429243266353142,0.0700829401500555,-0.02427771510369442,-0.027610986005261573,6472.6,-0.05,-0.0004509290373591731,6479.42,6476.98,-0.04522686753775026,-0.1354039757568241,0,6475.52
2020-06-09,1577,3842,7233,0.7089868979516516,0.2910131020483484,-0.0033781458454557045,0.00337814584545576,0.4179737959033032,-0.4179737959033032,0.4247300875942147,0.4948130277442702,0.4705353126405758,-0.4247300875942147,-0.4948130277442702,-0.4705353126405758,0.00675629169091152,0.0700829401500555,-0.02427771510369442,6335.7,-2.12,-0.0211506967833638,6475.52,6474.06,-0.04509290373591731,-0.090299377165826,0,6472.6
2020-06-10,1600,4194,7267,0.7238522609596134,0.2761477390403866,0.014865363007961818,-0.014865363007961818,0.44770452191922677,-0.44770452191922677,0.4179737959033032,0.4247300875942147,0.4948130277442702,-0.4179737959033032,-0.4247300875942147,-0.4948130277442702,-0.02973072601592358,0.00675629169091152,0.0700829401500555,6329.1,-0.1,-0.0010417159903403656,6427.94,6404.15,-2.11506967833638,-2.1592088357382977,0,6335.7
2020-06-11,1629,4527,7392,0.7353801169590644,0.2646198830409357,0.011527855999450942,-0.011527855999450887,0.47076023391812866,-0.47076023391812866,0.44770452191922677,0.4179737959033032,0.4247300875942147,-0.44770452191922677,-0.4179737959033032,-0.4247300875942147,-0.023055711998901884,-0.02973072601592358,0.00675629169091152,6076.7,-3.99,-0.0398792877344331,6379.13,6332.4,-0.10417159903403655,-2.21703797546581,0,6329.1
2020-06-12,1530,4264,6900,0.7359337245426303,0.2640662754573697,0.0005536075835659293,-0.0005536075835659848,0.4718674490852606,-0.4718674490852606,0.47076023391812866,0.44770452191922677,0.4179737959033032,-0.47076023391812866,-0.44770452191922677,-0.4179737959033032,-0.0011072151671319697,-0.023055711998901884,-0.02973072601592358,6105.2,0.47,0.004690045583951816,6247.17,6202.9,-3.9879287734433095,-4.087946083305712,1,6076.7
2020-06-13,1353,3826,6217,0.7387526549526936,0.26124734504730646,0.002818930410063314,-0.0028189304100632584,0.47750530990538714,-0.47750530990538714,0.4718674490852606,0.47076023391812866,0.44770452191922677,-0.4718674490852606,-0.47076023391812866,-0.44770452191922677,-0.005637860820126517,-0.0011072151671319697,-0.023055711998901884,6084.95,-0.33,-0.0033168446570136932,6170.33,6090.95,0.4690045583951816,-3.53762778278113,0,6105.2
2020-06-14,1245,3368,5444,0.7301105571211792,0.2698894428788207,-0.008642097831514373,0.008642097831514262,0.46022111424235856,-0.46022111424235856,0.47750530990538714,0.4718674490852606,0.47076023391812866,-0.47750530990538714,-0.4718674490852606,-0.47076023391812866,0.01728419566302858,-0.005637860820126517,-0.0011072151671319697,6074.82,-0.17,-0.001664763062966846,6088.95,6095.08,-0.33168446570136934,0.13576447743018416,0,6084.95
2020-06-15,1432,3889,6381,0.7308776545762075,0.26912234542379254,0.0007670974550282317,-0.0007670974550281762,0.46175530915241497,-0.46175530915241497,0.46022111424235856,0.47750530990538714,0.4718674490852606,-0.46022111424235856,-0.47750530990538714,-0.4718674490852606,-0.0015341949100564078,0.01728419566302858,-0.005637860820126517,6064.7,-0.17,-0.0016658929811911945,6088.32,6079.88,-0.1664763062966846,-0.4976085959509944,0,6074.82
2020-06-16,1677,4407,6984,0.7243589743589743,0.27564102564102566,-0.006518680217233119,0.006518680217233119,0.44871794871794873,-0.44871794871794873,0.46175530915241497,0.46022111424235856,0.47750530990538714,-0.46175530915241497,-0.46022111424235856,-0.47750530990538714,0.013037360434466239,-0.0015341949100564078,0.01728419566302858,6242.8,2.94,0.029366662819265647,6074.82,6069.76,-0.16658929811911943,-0.33278827270560973,1,6064.7
2020-06-17,1578,3998,6399,0.7170014347202296,0.28299856527977046,-0.007357539638744748,0.007357539638744803,0.4340028694404591,-0.4340028694404591,0.44871794871794873,0.46175530915241497,0.46022111424235856,-0.44871794871794873,-0.46175530915241497,-0.46022111424235856,0.014715079277489607,0.013037360434466239,-0.0015341949100564078,6253.3,0.17,0.0016819375921061062,6127.44,6153.75,2.9366662819265645,2.765184812060283,1,6242.8
2020-06-18,1673,4290,7335,0.7194365252389737,0.28056347476102633,0.002435090518744132,-0.002435090518744132,0.43887305047794734,-0.43887305047794734,0.4340028694404591,0.44871794871794873,0.46175530915241497,-0.4340028694404591,-0.44871794871794873,-0.46175530915241497,-0.004870181037488208,0.014715079277489607,0.013037360434466239,6224.1,-0.47,-0.0046695344857914725,6186.93,6248.05,0.1681937592106106,3.1097993305522182,0,6253.3
2020-06-19,1666,4395,7033,0.7251278666886652,0.27487213331133475,0.005691341449691523,-0.005691341449691578,0.4502557333773305,-0.4502557333773305,0.43887305047794734,0.4340028694404591,0.44871794871794873,-0.43887305047794734,-0.4340028694404591,-0.44871794871794873,-0.011382682899383156,-0.004870181037488208,0.014715079277489607,6292.6,1.1,0.011005607236387589,6240.07,6238.7,-0.4669534485791472,-0.2995450759274655,1,6224.1
2020-06-20,1330,4228,6292,0.760705289672544,0.23929471032745592,0.03557742298387878,-0.03557742298387884,0.5214105793450882,-0.5214105793450882,0.4502557333773305,0.43887305047794734,0.4340028694404591,-0.4502557333773305,-0.43887305047794734,-0.4340028694404591,-0.07115484596775767,-0.011382682899383156,-0.004870181037488208,6268.6,-0.38,-0.003814003750437021,6256.67,6258.35,1.100560723638759,0.628468168806873,0,6292.6
2020-06-21,1188,4123,5653,0.7763133119939748,0.22368668800602523,0.01560802232143077,-0.015608022321430687,0.5526266239879495,-0.5526266239879495,0.5214105793450882,0.4502557333773305,0.43887305047794734,-0.5214105793450882,-0.4502557333773305,-0.43887305047794734,-0.031216044642861318,-0.07115484596775767,-0.011382682899383156,6256.6,-0.19,-0.001914303034170309,6261.77,6280.6,-0.3814003750437021,0.7149628058675149,0,6268.6
2020-06-22,1504,4232,6654,0.7377963737796374,0.26220362622036264,-0.03851693821433744,0.03851693821433741,0.4755927475592748,-0.4755927475592748,0.5526266239879495,0.5214105793450882,0.4502557333773305,-0.5526266239879495,-0.5214105793450882,-0.4502557333773305,0.07703387642867471,-0.031216044642861318,-0.07115484596775767,6244.6,-0.19,-0.0019179746188025444,6272.6,6262.6,-0.1914303034170309,-0.5721005625655531,0,6256.6
2020-06-23,1555,4471,6908,0.7419515433123133,0.25804845668768667,0.0041551695326759175,-0.004155169532675973,0.4839030866246266,-0.4839030866246266,0.4755927475592748,0.5526266239879495,0.5214105793450882,-0.4755927475592748,-0.5526266239879495,-0.5214105793450882,-0.008310339065351835,0.07703387642867471,-0.031216044642861318,6320.1,1.21,0.012090446145469684,6256.6,6250.6,-0.19179746188025443,-0.3828606068340618,1,6244.6
2020-06-24,1668,4755,7021,0.7403082671648762,0.25969173283512376,-0.0016432761474370894,0.0016432761474370894,0.48061653432975243,-0.48061653432975243,0.4839030866246266,0.4755927475592748,0.5526266239879495,-0.4839030866246266,-0.4755927475592748,-0.5526266239879495,0.0032865522948741788,-0.008310339065351835,0.07703387642867471,6123.7,-3.11,-0.031075457666809154,6273.77,6282.35,1.2090446145469684,1.0149282357830132,0,6320.1
2020-06-25,1743,5018,7080,0.7421978997189764,0.2578021002810235,0.0018896325541002401,-0.0018896325541002401,0.48439579943795297,-0.48439579943795297,0.48061653432975243,0.4839030866246266,0.4755927475592748,-0.48061653432975243,-0.4839030866246266,-0.4755927475592748,-0.0037792651082005357,0.0032865522948741788,-0.008310339065351835,6147.1,0.38,0.0038212191975440578,6229.47,6221.9,-3.107545766680915,-1.9360727668705848,1,6123.7
2020-06-26,1599,5230,6927,0.7658515155952555,0.23414848440474448,0.02365361587627912,-0.02365361587627904,0.5317030311905111,-0.5317030311905111,0.48439579943795297,0.48061653432975243,0.4839030866246266,-0.48439579943795297,-0.48061653432975243,-0.4839030866246266,-0.04730723175255813,-0.0037792651082005357,0.0032865522948741788,6159.3,0.2,0.001984675700736903,6196.97,6135.4,0.3821219197544058,-2.7372984604673976,1,6147.1
2020-06-27,1538,5146,6721,0.7698982645122681,0.23010173548773188,0.00404674891701251,-0.004046748917012594,0.5397965290245362,-0.5397965290245362,0.5317030311905111,0.48439579943795297,0.48061653432975243,-0.5317030311905111,-0.48439579943795297,-0.48061653432975243,-0.008093497834025132,-0.04730723175255813,-0.0037792651082005357,6192.55,0.54,0.0053983407205364245,6143.37,6153.2,0.19846757007369029,0.5813478779169515,1,6159.3
2020-06-28,1485,4516,5892,0.7525412431261457,0.24745875687385435,-0.017357021386122384,0.017357021386122468,0.5050824862522912,-0.5050824862522912,0.5397965290245362,0.5317030311905111,0.48439579943795297,-0.5397965290245362,-0.5317030311905111,-0.48439579943795297,0.03471404277224499,-0.008093497834025132,-0.04730723175255813,6209.18,0.27,0.002685484977917031,6166.32,6175.92,0.5398340720536424,0.7393730376925675,1,6192.55
2020-06-29,1664,4748,7050,0.7404865876481597,0.2595134123518403,-0.01205465547798601,0.012054655477985926,0.4809731752963194,-0.4809731752963194,0.5050824862522912,0.5397965290245362,0.5317030311905111,-0.5050824862522912,-0.5397965290245362,-0.5317030311905111,0.024109310955971852,0.03471404277224499,-0.008093497834025132,6225.8,0.27,0.00267668194511995,6187.01,6200.86,0.2685484977917031,0.8098322861364134,1,6209.18
